produced_super,produced_super_pl
flower,flowers
concert,concerts
instruments,instruments
guitars,guitars
script,scripts
animals,animals
music,music
truck,trucks
people,people
kitchen,kitchens
forest,forests
coat,coats
birds,birds
day,days
food,food
fabric,fabrics
doors,doors
street,streets
evenings,evenings
furniture,furniture
things,things
vehicles,vehicles
dogs,dogs
weightlifters,weightlifters
pets,pets
places,places
cakes,cakes
doorways,doorways
box,boxes
dinner,dinners
decor,decor
cars,cars
rooms,rooms
fruit,fruits
stoves,stoves
park,parks
items,items
seasons,seasons
candies,candies
materials,materials
desserts,desserts
spaces,spaces
insects,insects
walkways,walkways
objects,objects
locations,locations
jewelry,jewelry
nights,nights
concerts,concerts
runners,runners
areas,areas
rivers,rivers
spices,spices
bird sound,bird sounds
walkers,walkers
venues,venues
colors,colors
paper,papers
product,products
dens,dens
plants,plants
boats,boats
electronics,electronics
routes,routes
roads,roads
wood,wood
bouquet,bouquets
bank,banks
vegetables,vegetables
weather,weather
paintings,paintings
string instruments,string instruments
liquid,liquids
rentals,rentals
lake,lakes
audios,audios
city,cities
floors,floors
building,buildings
smell,smells
environment,environments
drinks,drinks
distance,distances
trees,trees
athletes,athletes
paint colors,paint colors
towns,towns
bikes,bikes
meals,meals
alcoholic drinks,alcoholic drinks
walls,walls
movie,movies
writing utensils,writing utensils
melons,melons
waterways,waterways
appliances,appliances
house,houses
fish,fish
store,stores
shades,shades
transportation,transportation
rodents,rodents
bedboard,bedboards
times of day,times of day
paint smell,paint smells
maps,maps
room,rooms
highway,highways
motors,motors
bracelets,bracelets
aquarium,aquariums
clothes,clothes
statues,statues
venue,venues
aircrafts,aircrafts
cookware,cookware
storms,storms
flowers,flowers
races,races
berries,berries
restaurants,restaurants
songs,songs
paint,paints
cats,cats
machines,machines
paints,paints
lifters,lifters
buildings,buildings
electronic devices,electronic devices
structures,structures
surfaces,surfaces
road,roads
shoes,shoes
traffic,traffic
habitats,habitats
meat,meats
